{"cameraMode":{"drawMode":0,"name":"Shaded","section":"Shading Mode"},"sceneLighting":true,"audioPlay":false,"sceneViewState":{"showFog":true,"showMaterialUpdate":false,"showSkybox":false,"showFlares":true,"showImageEffects":true,"showParticleSystems":true},"in2DMode":false,"pivot":{"x":247.70240783691407,"y":4.307467937469482,"z":126.25093078613281},"rotation":{"x":-0.26308080554008486,"y":0.3502654731273651,"z":-0.10321855545043946,"w":-0.8930345177650452},"size":1.9034955501556397,"orthographic":false}